grupo,ticker,obs_coletadas,obs_validas,ism_medio,spread_medio,anos_spread_positivo,rho_ano_spread,p_valor
Alto,ZS,9,7,0.6234540625732881,-0.2938685004987399,0.0,-0.1071,0.8192
Alto,SMAR,8,4,0.606788248904147,-1.2072719432065033,0.0,,
Alto,MDB,9,7,0.5964242650086675,-0.3361535550067726,0.0,0.7857,0.0362
Alto,TENB,9,5,0.5613797467234938,-0.7435393451360339,0.0,0.7,0.1881
Alto,CRWD,7,0,0.5404984547905063,,,,
Alto,HUBS,10,10,0.529176262652299,-0.22861145727016696,0.0,0.5758,0.0816
Alto,ESTC,8,5,0.5059081807010447,-1.083480719747582,0.0,0.9,0.0374
Alto,RPD,10,7,0.48719492648168583,-0.24796648622132825,0.0,0.9286,0.0025
Alto,NET,8,6,0.48690227743992415,-0.15810872129268366,0.0,0.9429,0.0048
Alto,APPN,10,6,0.4332136527672176,-0.7186116428502771,0.0,-0.0857,0.8717
Alto,NOW,10,10,0.4247667093881544,-0.1033191362931322,2.0,0.9636,0.0
Alto,DT,7,6,0.39523247615035423,-0.07038186926226017,2.0,0.8857,0.0188
Baixo,DDOG,8,6,0.3500734570565718,-0.10221942338354585,0.0,0.8286,0.0416
Baixo,WDAY,10,10,0.3229350354504965,-0.1721814771742563,0.0,0.6485,0.0425
Baixo,FIVN,10,10,0.313926758525423,-0.4921225358759226,0.0,0.4667,0.1739
Baixo,ADBE,10,10,0.2937622727406003,0.19928526235296845,10.0,1.0,0.0
Baixo,PTC,10,10,0.29171630487506467,-0.025479155002154207,3.0,0.7939,0.0061
Baixo,SPSC,10,10,0.27192113599471096,0.02218689078737602,7.0,0.4909,0.1497
Baixo,PCTY,10,10,0.2625228667018357,0.05891419135241497,8.0,0.7455,0.0133
Baixo,PRGS,10,10,0.2522071453627625,0.001317746993876451,6.0,0.4182,0.2291
Baixo,PAYC,10,10,0.24702865185066653,0.27981743028153583,10.0,-0.103,0.777
Baixo,QLYS,10,10,0.22850713279356477,0.27953410789181915,10.0,0.8667,0.0012
Baixo,BLKB,10,10,0.20927933504036095,-0.059815570615139625,2.0,-0.8061,0.0049
Baixo,CDNS,10,10,0.19632002591392295,0.2008590555158559,10.0,0.5152,0.1276
Baixo,SNPS,10,10,0.176522377176626,0.0711584866032049,9.0,0.9273,0.0001
Baixo,VEEV,10,10,0.17490672254416956,0.11089377476291626,10.0,-0.0667,0.8548
