,Alto IS&M,Baixo IS&M
n_obs,73.0,136.0
ism_media,0.49415249335799855,0.25241762220663694
ism_mediana,0.4876759563432227,0.2521357479061148
ism_dp,0.07998177112590062,0.057937150556055875
roic_media,-0.3158633098612657,0.11452265404076704
roic_mediana,-0.1339021137787056,0.1358000938490042
roic_dp,0.5393046059024834,0.3236939027602506
wacc_media,0.08293158363731368,0.0841523191992694
spread_media,-0.3987948934985794,0.03037033484149762
spread_mediana,-0.2187742505744638,0.045157374719210844
spread_dp,0.5397692462150016,0.3244821380438639
pct_spread_positivo,0.0547945205479452,0.625
