ano,alto_mean,alto_median,alto_count,baixo_mean,baixo_median,baixo_count
2015,-0.39663960555106287,-0.39663960555106287,2,-0.2474304936144038,-0.0110989624262786,13
2016,-0.5244790320312752,-0.5244790320312752,2,-0.06410485388591432,0.0086418997111012,13
2017,-0.12494188936731955,-0.12494188936731955,2,-0.0023076866767369067,0.0023594388756286,13
2018,-0.2887567416518436,-0.3349296065470677,5,0.067225924337,0.0688360529462429,13
2019,-0.612090728768675,-0.2349331965129197,9,0.05279637211259278,0.06976206166789455,14
2020,-0.34270467924793957,-0.2187742505744638,9,0.05212055775256042,0.06486447542437755,14
2021,-0.4726786309532203,-0.224494597018569,11,0.08132545926164757,0.09840825827670785,14
2022,-0.5838637341612216,-0.2407391894444939,11,0.12499714896657577,0.08069730620505615,14
2023,-0.3236696173716837,-0.1990653724247226,11,0.1160494851984915,0.0562261388437039,14
2024,-0.16369381670371344,-0.1193616444756871,11,0.09673868859130286,0.01835406999087295,14
