ticker,ano,sm_expense,fonte
PAYC,2015,68296000,"Consolidated Statements of Income, formulário 10-K do exercício"
PAYC,2016,90952000,"Consolidated Statements of Income, formulário 10-K do exercício"
PAYC,2017,116841000,"Consolidated Statements of Income, formulário 10-K do exercício"
PAYC,2018,152459000,"Consolidated Statements of Income, formulário 10-K do exercício"
PAYC,2019,199401000,"Consolidated Statements of Income, formulário 10-K do exercício"
PAYC,2020,193527000,"Consolidated Statements of Income, formulário 10-K do exercício"
PAYC,2021,253178000,"Consolidated Statements of Income, formulário 10-K do exercício"
PAYC,2022,312500000,"Consolidated Statements of Income, formulário 10-K do exercício"
PAYC,2023,347300000,"Consolidated Statements of Income, formulário 10-K do exercício"
PAYC,2024,336100000,"Consolidated Statements of Income, formulário 10-K do exercício"
