ticker,ano,conceito,valor,filed
ADBE,2015,DebtAndCapitalLeaseObligations,1907231000,2016-01-19
ADBE,2015,LineOfCredit,0,2016-01-19
ADBE,2015,LongTermDebtAndCapitalLeaseObligations,1907231000,2016-01-19
ADBE,2015,LongTermDebtAndCapitalLeaseObligationsCurrent,0,2016-01-19
ADBE,2015,SeniorNotes,1887410000,2016-01-19
ADBE,2016,LineOfCredit,0,2017-01-20
ADBE,2016,LongTermDebtAndCapitalLeaseObligations,1902068000,2017-01-20
ADBE,2016,SeniorNotes,1888951000,2017-01-20
ADBE,2017,LineOfCredit,0,2018-01-22
ADBE,2017,LongTermDebtAndCapitalLeaseObligations,1881421000,2018-01-22
ADBE,2017,SeniorNotes,1882479000,2018-01-22
ADBE,2018,DebtCurrent,0,2020-01-21
ADBE,2018,DebtLongtermAndShorttermCombinedAmount,4124800000,2020-01-21
ADBE,2018,LongTermDebtAndCapitalLeaseObligations,4124800000,2019-01-25
ADBE,2018,SeniorNotes,1886117000,2019-01-25
ADBE,2019,DebtCurrent,3149343000,2020-01-21
ADBE,2019,DebtInstrumentCarryingAmount,4150000000,2021-01-15
ADBE,2019,DebtLongtermAndShorttermCombinedAmount,4138267000,2020-01-21
ADBE,2019,LongTermDebt,989000000,2021-01-15
ADBE,2019,LongTermDebtAndCapitalLeaseObligations,988924000,2020-01-21
ADBE,2020,DebtCurrent,0,2021-01-15
ADBE,2020,DebtInstrumentCarryingAmount,4150000000,2021-01-15
ADBE,2020,LongTermDebt,4117000000,2021-01-15
ADBE,2020,LongTermDebtAndCapitalLeaseObligations,4117000000,2021-01-15
ADBE,2021,DebtCurrent,0,2023-01-17
ADBE,2021,DebtInstrumentCarryingAmount,4150000000,2022-01-21
ADBE,2021,LongTermDebt,4123000000,2022-01-21
ADBE,2021,LongTermDebtAndCapitalLeaseObligations,4123000000,2022-01-21
ADBE,2022,DebtCurrent,500000000,2023-01-17
ADBE,2022,DebtInstrumentCarryingAmount,4150000000,2023-01-17
ADBE,2022,LongTermDebt,3629000000,2023-01-17
ADBE,2023,DebtCurrent,0,2024-01-17
ADBE,2023,DebtInstrumentCarryingAmount,3650000000,2024-01-17
ADBE,2023,LongTermDebt,3634000000,2024-01-17
ADBE,2024,DebtCurrent,1499000000,2025-01-13
ADBE,2024,DebtInstrumentCarryingAmount,5650000000,2025-01-13
ADBE,2024,LongTermDebt,4129000000,2025-01-13
ADBE,2024,LongTermDebtCurrent,1500000000,2026-01-15
APPN,2016,LongTermDebtCurrent,6111000,2018-02-23
APPN,2016,LongTermDebtNoncurrent,13889000,2018-02-23
APPN,2017,LongTermDebtCurrent,0,2018-02-23
APPN,2017,LongTermDebtNoncurrent,0,2018-02-23
APPN,2021,LongTermDebtCurrent,0,2023-02-16
APPN,2021,LongTermDebtNoncurrent,0,2023-02-16
APPN,2021,DebtInstrumentCarryingAmount,0,2023-02-16
APPN,2021,LongTermDebt,0,2023-02-16
APPN,2022,LongTermDebtCurrent,2740000,2023-02-16
APPN,2022,LongTermDebtNoncurrent,115379000,2023-02-16
APPN,2022,DebtInstrumentCarryingAmount,119375000,2023-02-16
APPN,2022,LongTermDebt,118119000,2023-02-16
APPN,2023,LongTermDebtCurrent,66368000,2024-02-15
APPN,2023,LongTermDebtNoncurrent,140221000,2024-02-15
APPN,2023,DebtInstrumentCarryingAmount,207813000,2024-02-15
APPN,2023,LongTermDebt,206589000,2024-02-15
APPN,2024,LongTermDebtCurrent,9598000,2025-02-19
APPN,2024,LongTermDebtNoncurrent,240826000,2025-02-19
APPN,2024,DebtInstrumentCarryingAmount,251563000,2025-02-19
APPN,2024,LongTermDebt,250424000,2025-02-19
BLKB,2015,DebtInstrumentCarryingAmount,410244000,2016-02-24
BLKB,2015,LongTermDebt,410244000,2016-02-24
BLKB,2015,LongTermDebtCurrent,4375000,2016-02-24
BLKB,2015,LongTermDebtNoncurrent,404229000,2016-02-24
BLKB,2016,DebtInstrumentCarryingAmount,343869000,2017-02-22
BLKB,2016,LongTermDebt,343869000,2017-02-22
BLKB,2016,LongTermDebtCurrent,4375000,2017-02-22
BLKB,2016,LongTermDebtNoncurrent,338018000,2017-02-22
BLKB,2017,DebtInstrumentCarryingAmount,440326000,2018-02-20
BLKB,2017,LineOfCreditFacilityCurrentBorrowingCapacity,254200000,2018-02-20
BLKB,2017,LongTermDebt,440326000,2018-02-20
BLKB,2017,LongTermDebtCurrent,8576000,2018-02-20
BLKB,2017,LongTermDebtNoncurrent,429648000,2018-02-20
BLKB,2018,DebtInstrumentCarryingAmount,388750000,2019-02-20
BLKB,2018,LineOfCreditFacilityCurrentBorrowingCapacity,296200000,2019-02-20
BLKB,2018,LongTermDebt,388750000,2019-02-20
BLKB,2018,LongTermDebtCurrent,7500000,2019-02-20
BLKB,2018,LongTermDebtNoncurrent,379624000,2019-02-20
BLKB,2019,DebtInstrumentCarryingAmount,468250000,2020-02-20
BLKB,2019,LineOfCreditFacilityCurrentBorrowingCapacity,209600000,2020-02-20
BLKB,2019,LongTermDebt,468250000,2020-02-20
BLKB,2019,LongTermDebtCurrent,7500000,2020-02-20
BLKB,2019,LongTermDebtNoncurrent,459600000,2020-02-20
BLKB,2019,OtherLongTermDebt,0,2021-02-23
BLKB,2020,DebtInstrumentCarryingAmount,534177000,2021-02-23
BLKB,2020,LineOfCreditFacilityCurrentBorrowingCapacity,429300000,2021-02-23
BLKB,2020,LongTermDebt,534177000,2021-02-23
BLKB,2020,LongTermDebtCurrent,12840000,2021-02-23
BLKB,2020,LongTermDebtNoncurrent,518193000,2021-02-23
BLKB,2020,OtherLongTermDebt,3926000,2021-02-23
BLKB,2021,DebtInstrumentCarryingAmount,961174000,2022-03-01
BLKB,2021,LineOfCreditFacilityCurrentBorrowingCapacity,239500000,2022-03-01
BLKB,2021,LongTermDebt,961174000,2022-03-01
BLKB,2021,LongTermDebtCurrent,18697000,2022-03-01
BLKB,2021,LongTermDebtNoncurrent,937483000,2022-03-01
BLKB,2021,OtherLongTermDebt,1694000,2022-03-01
BLKB,2022,DebtInstrumentCarryingAmount,861986000,2023-02-24
BLKB,2022,LineOfCreditFacilityCurrentBorrowingCapacity,319800000,2023-02-24
BLKB,2022,LongTermDebt,861986000,2023-02-24
BLKB,2022,LongTermDebtCurrent,18802000,2023-02-24
BLKB,2022,LongTermDebtNoncurrent,840241000,2023-02-24
BLKB,2022,OtherLongTermDebt,2247000,2023-02-24
BLKB,2023,DebtInstrumentCarryingAmount,781145000,2024-02-21
BLKB,2023,LineOfCreditFacilityCurrentBorrowingCapacity,384500000,2024-02-21
BLKB,2023,LongTermDebt,781145000,2024-02-21
BLKB,2023,LongTermDebtCurrent,19259000,2024-02-21
BLKB,2023,LongTermDebtNoncurrent,760405000,2024-02-21
BLKB,2023,OtherLongTermDebt,2800000,2024-02-21
BLKB,2024,DebtInstrumentCarryingAmount,1077818000,2025-02-21
BLKB,2024,LineOfCreditFacilityCurrentBorrowingCapacity,468700000,2025-02-21
BLKB,2024,LongTermDebt,1077818000,2025-02-21
BLKB,2024,LongTermDebtCurrent,23875000,2025-02-21
BLKB,2024,LongTermDebtNoncurrent,1051110000,2025-02-21
BLKB,2024,OtherLongTermDebt,2783000,2025-02-21
CDNS,2015,ConvertibleNotesPayableCurrent,0,2016-02-18
CDNS,2015,UnsecuredLongTermDebt,348788000,2016-02-18
CDNS,2016,UnsecuredLongTermDebt,643493000,2017-02-10
CDNS,2017,UnsecuredLongTermDebt,644369000,2018-02-20
CDNS,2018,UnsecuredLongTermDebt,345291000,2019-02-27
CDNS,2019,UnsecuredLongTermDebt,346019000,2020-02-24
CDNS,2020,UnsecuredLongTermDebt,346793000,2021-02-22
CDNS,2021,UnsecuredLongTermDebt,347588000,2022-02-22
CDNS,2022,UnsecuredLongTermDebt,648078000,2023-02-13
CDNS,2022,UnsecuredDebtCurrent,0,2024-02-14
CDNS,2023,UnsecuredLongTermDebt,299771000,2024-02-14
CDNS,2023,UnsecuredDebtCurrent,349285000,2024-02-14
CDNS,2024,UnsecuredLongTermDebt,2476183000,2025-02-21
CDNS,2024,UnsecuredDebtCurrent,0,2025-02-21
CRWD,2020,LongTermDebtNoncurrent,0,2021-03-18
CRWD,2021,LongTermDebtNoncurrent,738029000,2021-03-18
CRWD,2022,LongTermDebtNoncurrent,739517000,2022-03-16
CRWD,2023,LongTermDebtNoncurrent,741005000,2023-03-09
CRWD,2024,LongTermDebtNoncurrent,742494000,2024-03-07
DDOG,2020,ConvertibleLongTermNotesPayable,575864000,2021-03-01
DDOG,2021,ConvertibleLongTermNotesPayable,735482000,2022-02-25
DDOG,2022,ConvertibleLongTermNotesPayable,738847000,2023-02-24
DDOG,2023,ConvertibleLongTermNotesPayable,742235000,2024-02-23
DDOG,2023,ConvertibleNotesPayableCurrent,0,2025-02-20
DDOG,2024,ConvertibleLongTermNotesPayable,979282000,2025-02-20
DDOG,2024,ConvertibleNotesPayableCurrent,634023000,2025-02-20
DT,2019,LongTermDebtCurrent,9500000,2020-05-27
DT,2019,LongTermDebtNoncurrent,1011793000,2020-05-27
DT,2020,DebtInstrumentCarryingAmount,521125000,2021-05-28
DT,2020,LongTermDebt,521125000,2020-05-27
DT,2020,LongTermDebtCurrent,0,2020-05-27
DT,2020,LongTermDebtNoncurrent,509985000,2020-05-27
DT,2021,DebtInstrumentCarryingAmount,401125000,2021-05-28
DT,2021,LongTermDebt,391913000,2021-05-28
DT,2021,LongTermDebtCurrent,0,2021-05-28
DT,2021,LongTermDebtNoncurrent,391913000,2021-05-28
DT,2022,DebtInstrumentCarryingAmount,281125000,2022-05-26
DT,2022,LongTermDebt,273918000,2022-05-26
DT,2022,LongTermDebtCurrent,0,2022-05-26
DT,2022,LongTermDebtNoncurrent,273918000,2022-05-26
DT,2023,LongTermDebtNoncurrent,0,2023-05-25
ESTC,2021,LongTermDebt,0,2022-06-21
ESTC,2022,DebtInstrumentCarryingAmount,575000000,2022-06-21
ESTC,2022,LongTermDebt,566520000,2022-06-21
ESTC,2023,DebtInstrumentCarryingAmount,575000000,2023-06-16
ESTC,2023,LongTermDebt,567543000,2023-06-16
ESTC,2024,DebtInstrumentCarryingAmount,575000000,2024-06-14
ESTC,2024,LongTermDebt,568612000,2024-06-14
FIVN,2015,DebtInstrumentCarryingAmount,38126000,2016-03-03
FIVN,2015,LongTermDebt,37039000,2016-03-03
FIVN,2015,LongTermDebtCurrent,19712000,2016-03-03
FIVN,2015,LongTermDebtNoncurrent,17327000,2016-03-03
FIVN,2015,LongTermLineOfCredit,0,2016-03-03
FIVN,2015,LongTermNotesPayable,17327000,2016-03-03
FIVN,2015,NotesPayableCurrent,7212000,2016-03-03
FIVN,2016,DebtInstrumentCarryingAmount,33714000,2017-02-28
FIVN,2016,LongTermDebt,33654000,2017-02-28
FIVN,2016,LongTermDebtCurrent,742000,2017-02-28
FIVN,2016,LongTermDebtNoncurrent,32912000,2017-02-28
FIVN,2016,LongTermLineOfCredit,32594000,2017-02-28
FIVN,2016,LongTermNotesPayable,318000,2017-02-28
FIVN,2016,NotesPayableCurrent,742000,2017-02-28
FIVN,2017,ConvertibleDebtNoncurrent,0,2019-02-25
FIVN,2017,DebtInstrumentCarryingAmount,32927000,2018-03-01
FIVN,2017,LongTermDebt,32930000,2018-03-01
FIVN,2017,LongTermDebtCurrent,336000,2018-03-01
FIVN,2017,LongTermDebtNoncurrent,32594000,2018-03-01
FIVN,2017,LongTermLineOfCredit,32594000,2018-03-01
FIVN,2017,LongTermNotesPayable,0,2018-03-01
FIVN,2017,NotesPayableCurrent,336000,2018-03-01
FIVN,2018,ConvertibleDebtNoncurrent,196763000,2019-02-25
FIVN,2018,DebtInstrumentCarryingAmount,258750000,2019-02-25
FIVN,2018,LongTermDebt,196763000,2019-02-25
FIVN,2018,LongTermDebtCurrent,0,2019-02-25
FIVN,2018,LongTermDebtNoncurrent,196763000,2019-02-25
FIVN,2018,LongTermLineOfCredit,0,2019-02-25
FIVN,2018,NotesPayableCurrent,0,2019-02-25
FIVN,2019,ConvertibleDebtNoncurrent,209604000,2020-02-27
FIVN,2019,DebtInstrumentCarryingAmount,258750000,2020-02-27
FIVN,2020,ConvertibleDebtNoncurrent,643316000,2021-03-01
FIVN,2020,DebtInstrumentCarryingAmount,806400000,2021-03-01
FIVN,2021,ConvertibleDebtNoncurrent,768599000,2022-02-28
FIVN,2021,DebtInstrumentCarryingAmount,781700000,2022-02-28
FIVN,2021,ConvertibleDebtCurrent,0,2023-02-24
FIVN,2022,ConvertibleDebtNoncurrent,738376000,2023-02-24
FIVN,2022,DebtInstrumentCarryingAmount,747700000,2023-02-24
FIVN,2022,ConvertibleDebtCurrent,169000,2023-02-24
FIVN,2023,ConvertibleDebtNoncurrent,742125000,2024-02-22
FIVN,2023,DebtInstrumentCarryingAmount,747500000,2024-02-22
FIVN,2023,ConvertibleDebtCurrent,0,2024-02-22
FIVN,2024,ConvertibleDebtNoncurrent,731855000,2025-02-21
FIVN,2024,ConvertibleDebtCurrent,433490000,2025-02-21
HUBS,2017,ConvertibleLongTermNotesPayable,298447000,2018-02-13
HUBS,2018,ConvertibleLongTermNotesPayable,318782000,2019-02-12
HUBS,2019,ConvertibleLongTermNotesPayable,340564000,2020-02-12
HUBS,2020,ConvertibleLongTermNotesPayable,471099000,2021-02-16
HUBS,2020,ConvertibleNotesPayableCurrent,7837000,2021-02-16
HUBS,2021,ConvertibleLongTermNotesPayable,383101000,2022-02-14
HUBS,2021,ConvertibleNotesPayableCurrent,19630000,2022-02-14
HUBS,2024,ConvertibleNotesPayableCurrent,458184000,2025-02-12
MDB,2018,ConvertibleDebtNoncurrent,0,2019-04-01
MDB,2019,ConvertibleDebtNoncurrent,216858000,2019-04-01
MDB,2019,DebtInstrumentCarryingAmount,300000000,2020-03-27
MDB,2019,LongTermDebt,216858000,2020-03-27
MDB,2020,ConvertibleDebtNoncurrent,911075000,2020-03-27
MDB,2021,ConvertibleDebtNoncurrent,937729000,2021-03-22
MDB,2022,ConvertibleDebtNoncurrent,1136521000,2022-03-18
MDB,2023,ConvertibleDebtNoncurrent,1139880000,2023-03-17
MDB,2024,ConvertibleDebtNoncurrent,1143273000,2024-03-15
NET,2018,LongTermDebtCurrent,255000,2020-03-04
NET,2019,ConvertibleDebtNoncurrent,0,2021-02-25
NET,2019,LongTermDebtCurrent,0,2020-03-04
NET,2020,ConvertibleDebtNoncurrent,383275000,2021-02-25
NET,2020,DebtInstrumentConvertibleCarryingAmountOfTheEquityComponent,200812000,2021-02-25
NET,2020,ConvertibleDebtCurrent,0,2022-03-01
NET,2021,ConvertibleDebtNoncurrent,1146877000,2022-03-01
NET,2021,ConvertibleDebtCurrent,12117000,2022-03-01
NET,2022,ConvertibleDebtNoncurrent,1436192000,2023-02-24
NET,2022,ConvertibleDebtCurrent,0,2023-02-24
NET,2023,ConvertibleDebtNoncurrent,1283362000,2024-02-21
NET,2024,ConvertibleDebtNoncurrent,1287321000,2025-02-20
NET,2024,ConvertibleDebtCurrent,0,2026-02-26
NOW,2015,ConvertibleLongTermNotesPayable,474534000,2016-02-25
NOW,2015,DebtInstrumentFaceAmount,575000000,2016-02-25
NOW,2016,ConvertibleDebt,507812000,2018-02-28
NOW,2016,ConvertibleLongTermNotesPayable,507812000,2017-02-28
NOW,2016,ConvertibleNotesPayableCurrent,0,2018-02-28
NOW,2016,DebtInstrumentFaceAmount,575000000,2017-02-28
NOW,2017,ConvertibleDebt,1173436000,2018-02-28
NOW,2017,ConvertibleLongTermNotesPayable,630018000,2018-02-28
NOW,2017,ConvertibleNotesPayableCurrent,543418000,2018-02-28
NOW,2018,ConvertibleDebt,661707000,2019-02-27
NOW,2018,ConvertibleLongTermNotesPayable,661707000,2019-02-27
NOW,2018,ConvertibleNotesPayableCurrent,0,2019-02-27
NOW,2019,ConvertibleDebt,694981000,2020-02-20
NOW,2019,ConvertibleLongTermNotesPayable,694981000,2020-02-20
NOW,2019,ConvertibleNotesPayableCurrent,52668000,2020-02-20
NOW,2020,ConvertibleLongTermNotesPayable,1640153000,2021-02-12
NOW,2020,LongTermDebtCurrent,0,2022-02-03
NOW,2021,ConvertibleLongTermNotesPayable,1484000000,2022-02-03
NOW,2021,LongTermDebtCurrent,92000000,2022-02-03
NOW,2022,ConvertibleLongTermNotesPayable,1486000000,2023-01-31
NOW,2022,LongTermDebtCurrent,0,2023-01-31
NOW,2023,ConvertibleLongTermNotesPayable,1488000000,2024-01-25
NOW,2024,ConvertibleLongTermNotesPayable,1489000000,2025-01-30
PAYC,2015,LongTermDebt,25860000,2016-02-22
PAYC,2015,LongTermDebtCurrent,886000,2016-02-22
PAYC,2015,LongTermDebtNoncurrent,24974000,2016-02-22
PAYC,2016,LongTermDebt,29824000,2017-02-21
PAYC,2016,LongTermDebtCurrent,1113000,2017-02-21
PAYC,2016,LongTermDebtNoncurrent,28711000,2017-02-21
PAYC,2017,DebtInstrumentCarryingAmount,35500000,2018-02-14
PAYC,2017,LongTermDebt,35302000,2018-02-14
PAYC,2017,LongTermDebtCurrent,888000,2018-02-14
PAYC,2017,LongTermDebtNoncurrent,34414000,2018-02-14
PAYC,2018,DebtInstrumentCarryingAmount,34613000,2019-02-14
PAYC,2018,LongTermDebt,34389000,2019-02-14
PAYC,2018,LongTermDebtCurrent,1775000,2019-02-14
PAYC,2018,LongTermDebtNoncurrent,32614000,2019-02-14
PAYC,2019,DebtInstrumentCarryingAmount,32838000,2020-02-13
PAYC,2019,LongTermDebt,32633000,2020-02-13
PAYC,2019,LongTermDebtCurrent,1775000,2020-02-13
PAYC,2019,LongTermDebtNoncurrent,30858000,2020-02-13
PAYC,2020,DebtInstrumentCarryingAmount,31063000,2021-02-18
PAYC,2020,LongTermDebt,30894000,2021-02-18
PAYC,2020,LongTermDebtCurrent,1775000,2021-02-18
PAYC,2020,LongTermDebtNoncurrent,29119000,2021-02-18
PAYC,2021,DebtInstrumentCarryingAmount,29288000,2022-02-17
PAYC,2021,LongTermDebt,29155000,2022-02-17
PAYC,2021,LongTermDebtCurrent,1775000,2022-02-17
PAYC,2021,LongTermDebtNoncurrent,27380000,2022-02-17
PAYC,2022,DebtInstrumentCarryingAmount,29000000,2023-02-16
PAYC,2022,LongTermDebt,29000000,2023-02-16
PAYC,2022,LongTermDebtCurrent,0,2023-02-16
PAYC,2022,LongTermDebtNoncurrent,29000000,2023-02-16
PCTY,2020,LongTermDebt,100000000,2020-08-07
PCTY,2024,LongTermDebt,0,2025-08-06
PRGS,2015,LongTermDebt,144375000,2016-01-29
PRGS,2015,LongTermDebtCurrent,9375000,2016-01-29
PRGS,2015,LongTermDebtNoncurrent,135000000,2016-01-29
PRGS,2016,LongTermDebt,135000000,2017-01-30
PRGS,2016,LongTermDebtCurrent,15000000,2017-01-30
PRGS,2016,LongTermDebtNoncurrent,120000000,2017-01-30
PRGS,2017,LongTermDebt,123750000,2018-01-26
PRGS,2017,LongTermDebtCurrent,5819000,2018-01-26
PRGS,2017,LongTermDebtNoncurrent,116090000,2018-01-26
PRGS,2018,LongTermDebt,117563000,2019-01-28
PRGS,2018,LongTermDebtCurrent,5819000,2019-01-28
PRGS,2018,LongTermDebtNoncurrent,110270000,2019-01-28
PRGS,2019,LongTermDebt,297238000,2020-01-27
PRGS,2019,LongTermDebtCurrent,10717000,2020-01-27
PRGS,2019,LongTermDebtNoncurrent,284002000,2020-01-27
PRGS,2020,ConvertibleDebtNoncurrent,0,2022-01-27
PRGS,2020,LongTermDebt,384450000,2021-01-27
PRGS,2020,LongTermDebtCurrent,18242000,2021-01-27
PRGS,2020,LongTermDebtNoncurrent,364260000,2021-01-27
PRGS,2020,OtherLongTermDebtNoncurrent,364260000,2022-01-27
PRGS,2021,ConvertibleDebtNoncurrent,294535000,2022-01-27
PRGS,2021,DebtInstrumentCarryingAmount,627137000,2022-01-27
PRGS,2021,DebtInstrumentConvertibleCarryingAmountOfTheEquityComponent,19799000,2022-01-27
PRGS,2021,LongTermDebtCurrent,25767000,2022-01-27
PRGS,2021,LongTermDebtNoncurrent,534527000,2022-01-27
PRGS,2021,OtherLongTermDebtNoncurrent,239992000,2022-01-27
PRGS,2022,ConvertibleDebtNoncurrent,352625000,2023-01-27
PRGS,2022,DebtInstrumentCarryingAmount,628125000,2023-01-27
PRGS,2022,LongTermDebtCurrent,6234000,2023-01-27
PRGS,2022,LongTermDebtNoncurrent,611845000,2023-01-27
PRGS,2022,OtherLongTermDebtNoncurrent,259220000,2023-01-27
PRGS,2023,ConvertibleDebtNoncurrent,354772000,2024-01-26
PRGS,2023,DebtInstrumentCarryingAmount,731250000,2024-01-26
PRGS,2023,LongTermDebtCurrent,13109000,2024-01-26
PRGS,2023,LongTermDebtNoncurrent,710883000,2024-01-26
PRGS,2023,OtherLongTermDebtNoncurrent,356111000,2024-01-26
PRGS,2024,ConvertibleDebtNoncurrent,796267000,2025-01-21
PRGS,2024,LongTermDebt,1526267000,2026-01-20
PRGS,2024,LongTermDebtCurrent,0,2025-01-21
PRGS,2024,LongTermDebtNoncurrent,1526267000,2026-01-20
PRGS,2024,OtherLongTermDebtNoncurrent,730000000,2025-01-21
PRGS,2024,ConvertibleDebtCurrent,0,2026-01-20
PTC,2015,DebtInstrumentCarryingAmount,668125000,2016-11-18
PTC,2015,LineOfCredit,668100000,2015-11-23
PTC,2015,LongTermLineOfCredit,618125000,2015-11-23
PTC,2015,SeniorNotes,0,2016-11-18
PTC,2016,DebtInstrumentCarryingAmount,758125000,2016-11-18
PTC,2016,LineOfCredit,758125000,2016-11-18
PTC,2016,LongTermLineOfCredit,758125000,2016-11-18
PTC,2016,SeniorNotes,500000000,2016-11-18
PTC,2017,DebtInstrumentCarryingAmount,718125000,2017-11-29
PTC,2017,LongTermLineOfCredit,712406000,2017-11-29
PTC,2017,SeniorNotes,500000000,2017-11-29
PTC,2018,DebtInstrumentCarryingAmount,648125000,2018-11-16
PTC,2018,LongTermDebt,643268000,2019-11-18
PTC,2018,LongTermLineOfCredit,643268000,2018-11-16
PTC,2018,SeniorNotes,500000000,2018-11-16
PTC,2019,DebtInstrumentCarryingAmount,673125000,2019-11-18
PTC,2019,LongTermDebt,669134000,2019-11-18
PTC,2019,LongTermLineOfCredit,669134000,2019-11-18
PTC,2019,SeniorNotes,500000000,2019-11-18
PTC,2020,LongTermDebt,1005314000,2020-11-20
PTC,2021,LongTermDebt,1439471000,2021-11-22
PTC,2022,LongTermDebt,1350628000,2022-11-15
PTC,2022,DebtLongtermAndShorttermCombinedAmount,1350628000,2023-11-20
PTC,2022,LongTermDebtCurrent,0,2023-11-20
PTC,2023,LongTermDebt,1686410000,2023-11-20
PTC,2023,DebtLongtermAndShorttermCombinedAmount,1695785000,2023-11-20
PTC,2023,LongTermDebtCurrent,9375000,2023-11-20
PTC,2024,LongTermDebt,1227105000,2024-11-14
PTC,2024,DebtLongtermAndShorttermCombinedAmount,1748572000,2024-11-14
PTC,2024,LongTermDebtCurrent,521467000,2024-11-14
RPD,2017,ConvertibleDebtNoncurrent,0,2019-02-28
RPD,2018,ConvertibleDebtNoncurrent,174688000,2019-02-28
RPD,2019,ConvertibleDebtNoncurrent,185200000,2020-02-28
RPD,2020,ConvertibleDebtNoncurrent,378586000,2021-02-26
RPD,2021,ConvertibleDebtNoncurrent,812063000,2022-02-24
RPD,2022,ConvertibleDebtNoncurrent,815948000,2023-02-24
RPD,2023,ConvertibleDebtCurrent,0,2025-02-28
RPD,2023,ConvertibleDebtNoncurrent,929996000,2024-02-26
RPD,2024,ConvertibleDebtCurrent,45895000,2025-02-28
RPD,2024,ConvertibleDebtNoncurrent,888356000,2025-02-28
SNPS,2015,DebtCurrent,205000000,2015-12-14
SNPS,2015,LongTermDebtNoncurrent,0,2015-12-14
SNPS,2016,DebtCurrent,205000000,2016-12-12
SNPS,2016,LongTermDebtNoncurrent,0,2017-12-14
SNPS,2017,DebtCurrent,9924000,2017-12-14
SNPS,2017,LongTermDebtNoncurrent,134063000,2017-12-14
SNPS,2018,DebtCurrent,343769000,2018-12-17
SNPS,2018,LongTermDebtNoncurrent,125535000,2018-12-17
SNPS,2019,DebtCurrent,17614000,2019-12-20
SNPS,2019,LongTermDebtNoncurrent,120093000,2019-12-20
SNPS,2020,DebtCurrent,27084000,2020-12-15
SNPS,2020,LongTermDebtNoncurrent,100823000,2020-12-15
SNPS,2021,DebtCurrent,74992000,2021-12-13
SNPS,2021,LongTermDebtNoncurrent,25094000,2021-12-13
SNPS,2022,DebtCurrent,0,2022-12-12
SNPS,2022,LongTermDebtNoncurrent,20824000,2022-12-12
SNPS,2023,LongTermDebtNoncurrent,18078000,2023-12-12
SNPS,2024,LongTermDebtNoncurrent,15601000,2024-12-19
SNPS,2024,LongTermDebtCurrent,0,2025-12-22
SPSC,2015,LineOfCreditFacilityMaximumBorrowingCapacity,20000000,2016-02-24
TENB,2020,SecuredLongTermDebt,0,2022-02-25
TENB,2021,DebtInstrumentCarryingAmount,375000000,2022-02-25
TENB,2021,SecuredLongTermDebt,364728000,2022-02-25
TENB,2022,DebtInstrumentCarryingAmount,371250000,2023-02-24
TENB,2022,SecuredLongTermDebt,361970000,2023-02-24
TENB,2023,DebtInstrumentCarryingAmount,367500000,2024-02-28
TENB,2023,SecuredLongTermDebt,359281000,2024-02-28
TENB,2024,DebtInstrumentCarryingAmount,363750000,2025-02-24
TENB,2024,SecuredLongTermDebt,356705000,2025-02-24
WDAY,2015,ConvertibleDebt,490501000,2015-03-25
WDAY,2016,ConvertibleDebt,507476000,2016-03-22
WDAY,2017,ConvertibleNotesPayableCurrent,0,2018-03-14
WDAY,2018,ConvertibleDebtCurrent,341509000,2019-03-18
WDAY,2018,ConvertibleDebtNoncurrent,1149845000,2019-03-18
WDAY,2018,ConvertibleNotesPayableCurrent,341509000,2018-03-14
WDAY,2019,ConvertibleDebtCurrent,232514000,2019-03-18
WDAY,2019,ConvertibleDebtNoncurrent,972264000,2019-03-18
WDAY,2020,ConvertibleDebtCurrent,244319000,2020-03-03
WDAY,2020,ConvertibleDebtNoncurrent,1017967000,2020-03-03
WDAY,2020,LongTermDebt,1262286000,2021-03-02
WDAY,2020,LongTermDebtCurrent,244319000,2021-03-02
WDAY,2020,LongTermDebtNoncurrent,1017967000,2021-03-02
WDAY,2021,DebtInstrumentCarryingAmount,1881184000,2021-03-02
WDAY,2021,LongTermDebt,1795014000,2021-03-02
WDAY,2021,LongTermDebtCurrent,1103101000,2021-03-02
WDAY,2021,LongTermDebtNoncurrent,691913000,2021-03-02
WDAY,2022,DebtInstrumentCarryingAmount,1843567000,2022-02-28
WDAY,2022,LongTermDebt,1839797000,2022-02-28
WDAY,2022,LongTermDebtCurrent,1222443000,2022-02-28
WDAY,2022,LongTermDebtNoncurrent,617354000,2022-02-28
WDAY,2023,DebtInstrumentCarryingAmount,3000000000,2023-02-27
WDAY,2023,LongTermDebt,2975934000,2023-02-27
WDAY,2023,LongTermDebtCurrent,0,2023-02-27
WDAY,2023,LongTermDebtNoncurrent,2975934000,2023-02-27
WDAY,2024,DebtInstrumentCarryingAmount,3000000000,2024-03-08
WDAY,2024,LongTermDebt,2980000000,2024-03-08
WDAY,2024,LongTermDebtNoncurrent,2980000000,2024-03-08
ZS,2019,ConvertibleLongTermNotesPayable,0,2020-09-17
ZS,2020,ConvertibleLongTermNotesPayable,861615000,2020-09-17
ZS,2020,DebtInstrumentCarryingAmount,1150000000,2020-09-17
ZS,2020,LongTermDebt,861615000,2020-09-17
ZS,2021,ConvertibleLongTermNotesPayable,913538000,2021-09-16
ZS,2021,DebtInstrumentCarryingAmount,1150000000,2021-09-16
ZS,2021,LongTermDebt,913538000,2021-09-16
ZS,2022,ConvertibleLongTermNotesPayable,968674000,2022-09-15
ZS,2022,DebtInstrumentCarryingAmount,1149995000,2022-09-15
ZS,2022,LongTermDebt,968674000,2022-09-15
ZS,2023,ConvertibleLongTermNotesPayable,1134159000,2023-09-14
ZS,2023,DebtInstrumentCarryingAmount,1149993000,2023-09-14
ZS,2023,LongTermDebt,1134159000,2023-09-14
ZS,2023,ConvertibleNotesPayableCurrent,0,2024-09-12
ZS,2024,ConvertibleLongTermNotesPayable,0,2024-09-12
ZS,2024,DebtInstrumentCarryingAmount,1149954000,2024-09-12
ZS,2024,LongTermDebt,1142275000,2024-09-12
ZS,2024,ConvertibleNotesPayableCurrent,1142275000,2024-09-12
