ticker,cik,encontrada,nome,exchange,sic,sic_desc,n_10k_2015_2024,anos_10k,n_10k_so_recent,paginas_antigas_lidas,ok_sic,ok_bolsa,ok_10k,aprovada_filtro_auto,motivo_reprovacao,perfil_ism_esperado,incluir_v1,motivo_v1,situacao
HUBS,0001404655,True,HUBSPOT INC,NYSE,7372,Services-Prepackaged Software,10.0,"2015, 2016, 2017, 2018, 2019, 2020, 2021, 2022, 2023, 2024",6.0,1.0,True,True,True,True,,alto,sim,,já revisada na versão original
DDOG,0001561550,True,"Datadog, Inc.",Nasdaq,7372,Services-Prepackaged Software,5.0,"2020, 2021, 2022, 2023, 2024",1.0,1.0,True,True,True,True,,,,,NOVA: revisar manualmente
ZS,0001713683,True,"Zscaler, Inc.",Nasdaq,7371,Services-Computer Programming Services,7.0,"2018, 2019, 2020, 2021, 2022, 2023, 2024",7.0,0.0,True,True,True,True,,alto,sim,,já revisada na versão original
CRWD,0001535527,True,"CrowdStrike Holdings, Inc.",Nasdaq,7372,Services-Prepackaged Software,5.0,"2020, 2021, 2022, 2023, 2024",4.0,1.0,True,True,True,True,,,,,NOVA: revisar manualmente
GTLB,0001653482,True,Gitlab Inc.,Nasdaq,7372,Services-Prepackaged Software,3.0,"2022, 2023, 2024",3.0,0.0,True,True,False,False,apenas 3 10-K entre 2015 e 2024,,,,reprovada no filtro automático
BRZE,0001676238,True,"Braze, Inc.",Nasdaq,7372,Services-Prepackaged Software,3.0,"2022, 2023, 2024",3.0,0.0,True,True,False,False,apenas 3 10-K entre 2015 e 2024,,,,reprovada no filtro automático
SMAR,0001366561,True,SMARTSHEET INC,sem listagem atual (verificar NYSE/Nasdaq no período),7372,Services-Prepackaged Software,6.0,"2019, 2020, 2021, 2022, 2023, 2024",6.0,1.0,True,True,True,True,,,,,NOVA: revisar manualmente
ASAN,0001477720,True,"Asana, Inc.",NYSE,7372,Services-Prepackaged Software,4.0,"2021, 2022, 2023, 2024",4.0,0.0,True,True,False,False,apenas 4 10-K entre 2015 e 2024,,,,reprovada no filtro automático
NCNO,0001902733,True,"nCino, Inc.",Nasdaq,7372,Services-Prepackaged Software,3.0,"2022, 2023, 2024",3.0,0.0,True,True,False,False,apenas 3 10-K entre 2015 e 2024,,,,reprovada no filtro automático
BILL,0001786352,True,"BILL Holdings, Inc.",NYSE,7372,Services-Prepackaged Software,5.0,"2020, 2021, 2022, 2023, 2024",5.0,0.0,True,True,True,True,,medio,nao,Receita assinatura < 60%: receitas de transação/pagamento representam ~70-75% do total,já revisada na versão original
ESTC,0001707753,True,Elastic N.V.,NYSE,7372,Services-Prepackaged Software,6.0,"2019, 2020, 2021, 2022, 2023, 2024",6.0,0.0,True,True,True,True,,alto,sim,,já revisada na versão original
MDB,0001441816,True,"MongoDB, Inc.",Nasdaq,7372,Services-Prepackaged Software,7.0,"2018, 2019, 2020, 2021, 2022, 2023, 2024",5.0,1.0,True,True,True,True,,alto,sim,,já revisada na versão original
CFLT,,False,,,,,,,,,,,,,ticker não encontrado no catálogo atual da SEC,,,,reprovada no filtro automático
FROG,0001800667,True,JFrog Ltd,Nasdaq,7372,Services-Prepackaged Software,4.0,"2021, 2022, 2023, 2024",4.0,0.0,True,True,False,False,apenas 4 10-K entre 2015 e 2024,,,,reprovada no filtro automático
DOCN,0001582961,True,"DigitalOcean Holdings, Inc.",NYSE,7370,"Services-Computer Programming, Data Processing, Etc.",3.0,"2022, 2023, 2024",3.0,0.0,False,True,False,False,SIC 7370 fora de 7372/7371/7374; apenas 3 10-K entre 2015 e 2024,,,,reprovada no filtro automático
APPN,0001441683,True,APPIAN CORP,Nasdaq,7372,Services-Prepackaged Software,7.0,"2018, 2019, 2020, 2021, 2022, 2023, 2024",7.0,0.0,True,True,True,True,,alto,sim,,já revisada na versão original
EVBG,0001437352,True,"EVERBRIDGE, INC.",sem listagem atual (verificar NYSE/Nasdaq no período),7372,Services-Prepackaged Software,8.0,"2017, 2018, 2019, 2020, 2021, 2022, 2023, 2024",8.0,0.0,True,True,True,True,,,,,NOVA: revisar manualmente
OKTA,0001660134,True,"Okta, Inc.",Nasdaq,7372,Services-Prepackaged Software,7.0,"2018, 2019, 2020, 2021, 2022, 2023, 2024",7.0,1.0,True,True,True,True,,alto,nao,M&A relevante sem 5 anos completos: aquisição Auth0 mai/2021 (~USD 6.5B),já revisada na versão original
S,0001583708,True,"SentinelOne, Inc.",NYSE,7372,Services-Prepackaged Software,3.0,"2022, 2023, 2024",3.0,0.0,True,True,False,False,apenas 3 10-K entre 2015 e 2024,,,,reprovada no filtro automático
CYBR,,False,,,,,,,,,,,,,ticker não encontrado no catálogo atual da SEC,,,,reprovada no filtro automático
VRNS,0001361113,True,VARONIS SYSTEMS INC,Nasdaq,7372,Services-Prepackaged Software,10.0,"2015, 2016, 2017, 2018, 2019, 2020, 2021, 2022, 2023, 2024",10.0,0.0,True,True,True,True,,medio,nao,Receita assinatura < 60%: modelo perpetual license vigente até 2021,já revisada na versão original
RPD,0001560327,True,"Rapid7, Inc.",Nasdaq,7372,Services-Prepackaged Software,9.0,"2016, 2017, 2018, 2019, 2020, 2021, 2022, 2023, 2024",9.0,0.0,True,True,True,True,,alto,sim,,já revisada na versão original
DT,0001773383,True,"Dynatrace, Inc.",NYSE,7372,Services-Prepackaged Software,5.0,"2020, 2021, 2022, 2023, 2024",5.0,0.0,True,True,True,True,,medio,sim,,já revisada na versão original
NOW,0001373715,True,"ServiceNow, Inc.",NYSE,7372,Services-Prepackaged Software,10.0,"2015, 2016, 2017, 2018, 2019, 2020, 2021, 2022, 2023, 2024",2.0,1.0,True,True,True,True,,,,,NOVA: revisar manualmente
WDAY,0001327811,True,"Workday, Inc.",Nasdaq,7374,Services-Computer Processing & Data Preparation,10.0,"2015, 2016, 2017, 2018, 2019, 2020, 2021, 2022, 2023, 2024",5.0,1.0,True,True,True,True,,medio,sim,,já revisada na versão original
VEEV,0001393052,True,VEEVA SYSTEMS INC,NYSE,7372,Services-Prepackaged Software,10.0,"2015, 2016, 2017, 2018, 2019, 2020, 2021, 2022, 2023, 2024",5.0,1.0,True,True,True,True,,baixo,sim,,já revisada na versão original
PCTY,0001591698,True,Paylocity Holding Corp,Nasdaq,7372,Services-Prepackaged Software,10.0,"2015, 2016, 2017, 2018, 2019, 2020, 2021, 2022, 2023, 2024",6.0,1.0,True,True,True,True,,baixo,sim,,já revisada na versão original
PAYC,0001590955,True,"Paycom Software, Inc.",NYSE,7372,Services-Prepackaged Software,10.0,"2015, 2016, 2017, 2018, 2019, 2020, 2021, 2022, 2023, 2024",9.0,1.0,True,True,True,True,,medio,sim,,já revisada na versão original
CDAY,0001725057,True,"Dayforce, Inc.",sem listagem atual (verificar NYSE/Nasdaq no período),7372,Services-Prepackaged Software,6.0,"2019, 2020, 2021, 2022, 2023, 2024",6.0,0.0,True,True,True,True,,,,,NOVA: revisar manualmente
TOST,0001650164,True,"Toast, Inc.",NYSE,7374,Services-Computer Processing & Data Preparation,3.0,"2022, 2023, 2024",3.0,1.0,True,True,False,False,apenas 3 10-K entre 2015 e 2024,,,,reprovada no filtro automático
JAMF,,False,,,,,,,,,,,,,ticker não encontrado no catálogo atual da SEC,,,,reprovada no filtro automático
SPSC,0001092699,True,SPS COMMERCE INC,Nasdaq,7372,Services-Prepackaged Software,10.0,"2015, 2016, 2017, 2018, 2019, 2020, 2021, 2022, 2023, 2024",10.0,1.0,True,True,True,True,,medio,sim,,já revisada na versão original
PCOR,0001611052,True,"PROCORE TECHNOLOGIES, INC.",NYSE,7372,Services-Prepackaged Software,3.0,"2022, 2023, 2024",3.0,0.0,True,True,False,False,apenas 3 10-K entre 2015 e 2024,,,,reprovada no filtro automático
TENB,0001660280,True,"Tenable Holdings, Inc.",Nasdaq,7372,Services-Prepackaged Software,6.0,"2019, 2020, 2021, 2022, 2023, 2024",6.0,0.0,True,True,True,True,,medio,sim,,já revisada na versão original
NET,0001477333,True,"Cloudflare, Inc.",NYSE,7372,Services-Prepackaged Software,5.0,"2020, 2021, 2022, 2023, 2024",3.0,1.0,True,True,True,True,,,,,NOVA: revisar manualmente
ZI,,False,,,,,,,,,,,,,ticker não encontrado no catálogo atual da SEC,,,,reprovada no filtro automático
MNDY,0001845338,True,monday.com Ltd.,Nasdaq,7372,Services-Prepackaged Software,0.0,,0.0,0.0,True,True,False,False,"apenas 0 10-K entre 2015 e 2024 (arquiva 20-F, emissor estrangeiro)",,,,reprovada no filtro automático
GWRE,0001528396,True,"Guidewire Software, Inc.",NYSE,7372,Services-Prepackaged Software,10.0,"2015, 2016, 2017, 2018, 2019, 2020, 2021, 2022, 2023, 2024",6.0,1.0,True,True,True,True,,medio,nao,Receita assinatura < 60%: modelo de licença perpetua predominante até 2021,já revisada na versão original
FIVN,0001288847,True,"Five9, Inc.",Nasdaq,7374,Services-Computer Processing & Data Preparation,10.0,"2015, 2016, 2017, 2018, 2019, 2020, 2021, 2022, 2023, 2024",7.0,1.0,True,True,True,True,,medio,sim,,já revisada na versão original
NICE,0001003935,True,NICE Ltd.,Nasdaq/OTC,7372,Services-Prepackaged Software,0.0,,0.0,0.0,True,True,False,False,"apenas 0 10-K entre 2015 e 2024 (arquiva 20-F, emissor estrangeiro)",,,,reprovada no filtro automático
PANW,0001327567,True,Palo Alto Networks Inc,Nasdaq,3577,"Computer Peripheral Equipment, NEC",10.0,"2015, 2016, 2017, 2018, 2019, 2020, 2021, 2022, 2023, 2024",6.0,1.0,False,True,True,False,SIC 3577 fora de 7372/7371/7374,,,,reprovada no filtro automático
FTNT,0001262039,True,"Fortinet, Inc.",Nasdaq,3577,"Computer Peripheral Equipment, NEC",10.0,"2015, 2016, 2017, 2018, 2019, 2020, 2021, 2022, 2023, 2024",7.0,1.0,False,True,True,False,SIC 3577 fora de 7372/7371/7374,,,,reprovada no filtro automático
CRM,0001108524,True,"Salesforce, Inc.",NYSE,7372,Services-Prepackaged Software,10.0,"2015, 2016, 2017, 2018, 2019, 2020, 2021, 2022, 2023, 2024",1.0,5.0,True,True,True,True,,,,,NOVA: revisar manualmente
ADBE,0000796343,True,ADOBE INC.,Nasdaq,7372,Services-Prepackaged Software,10.0,"2015, 2016, 2017, 2018, 2019, 2020, 2021, 2022, 2023, 2024",6.0,1.0,True,True,True,True,,medio,sim,,já revisada na versão original
SNPS,0000883241,True,SYNOPSYS INC,Nasdaq,7372,Services-Prepackaged Software,10.0,"2015, 2016, 2017, 2018, 2019, 2020, 2021, 2022, 2023, 2024",10.0,1.0,True,True,True,True,,baixo,nao,M&A relevante sem 5 anos completos: aquisição da Ansys concluída em jan/2024 (~USD 35B),já revisada na versão original
CDNS,0000813672,True,CADENCE DESIGN SYSTEMS INC,Nasdaq,7372,Services-Prepackaged Software,10.0,"2015, 2016, 2017, 2018, 2019, 2020, 2021, 2022, 2023, 2024",5.0,1.0,True,True,True,True,,baixo,sim,,já revisada na versão original
INTU,0000896878,True,INTUIT INC.,Nasdaq,7372,Services-Prepackaged Software,10.0,"2015, 2016, 2017, 2018, 2019, 2020, 2021, 2022, 2023, 2024",5.0,1.0,True,True,True,True,,medio,nao,M&A relevante sem 5 anos completos: Credit Karma set/2020 (~USD 7.1B) e Mailchimp nov/2021 (~USD 12B),já revisada na versão original
PTC,0000857005,True,PTC INC.,Nasdaq,7372,Services-Prepackaged Software,10.0,"2015, 2016, 2017, 2018, 2019, 2020, 2021, 2022, 2023, 2024",9.0,1.0,True,True,True,True,,medio,sim,,já revisada na versão original
PRGS,0000876167,True,PROGRESS SOFTWARE CORP /MA,Nasdaq,7372,Services-Prepackaged Software,10.0,"2015, 2016, 2017, 2018, 2019, 2020, 2021, 2022, 2023, 2024",10.0,1.0,True,True,True,True,,baixo,sim,,já revisada na versão original
ANSS,0001013462,True,ANSYS INC,sem listagem atual (verificar NYSE/Nasdaq no período),7372,Services-Prepackaged Software,10.0,"2015, 2016, 2017, 2018, 2019, 2020, 2021, 2022, 2023, 2024",10.0,1.0,True,True,True,True,,,,,NOVA: revisar manualmente
FICO,0000814547,True,FAIR ISAAC CORP,NYSE,7389,"Services-Business Services, NEC",10.0,"2015, 2016, 2017, 2018, 2019, 2020, 2021, 2022, 2023, 2024",10.0,1.0,False,True,True,False,SIC 7389 fora de 7372/7371/7374,,,,reprovada no filtro automático
BLKB,0001280058,True,BLACKBAUD INC,Nasdaq,7372,Services-Prepackaged Software,10.0,"2015, 2016, 2017, 2018, 2019, 2020, 2021, 2022, 2023, 2024",10.0,1.0,True,True,True,True,,baixo,sim,,já revisada na versão original
BSY,0001031308,True,BENTLEY SYSTEMS INC,Nasdaq,7372,Services-Prepackaged Software,4.0,"2021, 2022, 2023, 2024",4.0,0.0,True,True,False,False,apenas 4 10-K entre 2015 e 2024,,,,reprovada no filtro automático
AZPN,0001897982,True,"Aspen Technology, Inc.",sem listagem atual (verificar NYSE/Nasdaq no período),7371,Services-Computer Programming Services,2.0,"2023, 2024",2.0,0.0,True,True,False,False,apenas 2 10-K entre 2015 e 2024,,,,reprovada no filtro automático
DUOL,0001562088,True,"Duolingo, Inc.",Nasdaq,7372,Services-Prepackaged Software,3.0,"2022, 2023, 2024",3.0,0.0,True,True,False,False,apenas 3 10-K entre 2015 e 2024,,,,reprovada no filtro automático
QLYS,0001107843,True,"QUALYS, INC.",Nasdaq,7372,Services-Prepackaged Software,10.0,"2015, 2016, 2017, 2018, 2019, 2020, 2021, 2022, 2023, 2024",7.0,1.0,True,True,True,True,,baixo,sim,,já revisada na versão original
EPAM,0001352010,True,"EPAM Systems, Inc.",NYSE,7371,Services-Computer Programming Services,10.0,"2015, 2016, 2017, 2018, 2019, 2020, 2021, 2022, 2023, 2024",10.0,1.0,True,True,True,True,,baixo,nao,Receita assinatura < 60%: empresa de serviços de TI (time-&-material),já revisada na versão original
LPSN,0001102993,True,LIVEPERSON INC,Nasdaq,7372,Services-Prepackaged Software,10.0,"2015, 2016, 2017, 2018, 2019, 2020, 2021, 2022, 2023, 2024",10.0,1.0,True,True,True,True,,alto,nao,Market cap < USD 500M: capitalização caiu para ~USD 50-100M após 2022,já revisada na versão original
MANH,0001056696,True,MANHATTAN ASSOCIATES INC,Nasdaq,7372,Services-Prepackaged Software,10.0,"2015, 2016, 2017, 2018, 2019, 2020, 2021, 2022, 2023, 2024",10.0,1.0,True,True,True,True,,baixo,nao,Receita assinatura < 60%: cloud subscription ~37% + manutenção ~20% = ~57%,já revisada na versão original
ORCL,0001341439,True,ORACLE CORP,NYSE/NYSE,7372,Services-Prepackaged Software,10.0,"2015, 2016, 2017, 2018, 2019, 2020, 2021, 2022, 2023, 2024",9.0,1.0,True,True,True,True,,baixo,nao,M&A relevante sem 5 anos completos: aquisição Cerner jun/2022 (~USD 28B),já revisada na versão original
DOMO,0001505952,True,"Huckleberry.ai, Inc.",Nasdaq,7372,Services-Prepackaged Software,6.0,"2019, 2020, 2021, 2022, 2023, 2024",6.0,0.0,True,True,True,True,,alto,nao,Market cap < USD 500M: capitalização caiu para ~USD 200-400M em 2023-2024,já revisada na versão original
FSLY,0001517413,True,"Fastly, Inc.",Nasdaq,7372,Services-Prepackaged Software,5.0,"2020, 2021, 2022, 2023, 2024",4.0,1.0,True,True,True,True,,medio,nao,Receita assinatura < 60%: modelo usage-based (cobrança por tráfego/consumo),já revisada na versão original
MSFT,0000789019,True,MICROSOFT CORP,Nasdaq,7372,Services-Prepackaged Software,10.0,"2015, 2016, 2017, 2018, 2019, 2020, 2021, 2022, 2023, 2024",4.0,2.0,True,True,True,True,,baixo,nao,M&A relevante sem 5 anos completos: Activision Blizzard out/2023 (~USD 69B),já revisada na versão original
