ticker,grupo,n,rho_ano_spread,p_valor
ADBE,Baixo,10,1.0,0.0
APPN,Alto,6,-0.0857,0.8717
BLKB,Baixo,10,-0.8061,0.0049
CDNS,Baixo,10,0.5152,0.1276
DDOG,Baixo,6,0.8286,0.0416
DT,Alto,6,0.8857,0.0188
ESTC,Alto,5,0.9,0.0374
FIVN,Baixo,10,0.4667,0.1739
HUBS,Alto,10,0.5758,0.0816
MDB,Alto,7,0.7857,0.0362
NET,Alto,6,0.9429,0.0048
NOW,Alto,10,0.9636,0.0
PAYC,Baixo,10,-0.103,0.777
PCTY,Baixo,10,0.7455,0.0133
PRGS,Baixo,10,0.4182,0.2291
PTC,Baixo,10,0.7939,0.0061
QLYS,Baixo,10,0.8667,0.0012
RPD,Alto,7,0.9286,0.0025
SNPS,Baixo,10,0.9273,0.0001
SPSC,Baixo,10,0.4909,0.1497
TENB,Alto,5,0.7,0.1881
VEEV,Baixo,10,-0.0667,0.8548
WDAY,Baixo,10,0.6485,0.0425
ZS,Alto,7,-0.1071,0.8192
